key	en-US	pt-BR
::BK45_WE_AlternateFixedCamera	Alternate Fixed Camera	Alternar câmera fixa
::BK45_WE_CycleEditAxisLock	Axis lock mode	Modo de trava de eixo
::BK45_WE_EnablePicker	Enable WE Tool	Habilitar ferramenta do WE
::BK45_WE_MoveText	Move Text	Mover texto
::BK45_WE_NextText	Select next text	Selecionar próximo texto
::BK45_WE_PerspectiveXY	Front View	Visão frontal
::BK45_WE_PerspectiveXZ	Top view	Visão superior
::BK45_WE_PerspectiveZY	Right view	Visão lateral
::BK45_WE_PrecisionHigherNum	Increase change value	Aumentar passo de precisão
::BK45_WE_PrecisionLowerNum	Decrease change value	Reduzir passo de precisão
::BK45_WE_PreviousText	Select previous text	Selecionar texto anterior
::BK45_WE_RotateText	Rotate Text	Rotacionar texto
::BK45_WE_ToggleLockCameraRotation	Toggle lock fixed camera rotation	Alternar rotação travada da câmera fixa
::BkActionMoveDown	Move down	Mover abaixo
::BkActionMoveLeft	Move left	Mover para a esquerda
::BkActionMoveRight	Move right	Mover para a direita
::BkActionMoveUp	Move up	Mover acima
::BkActionRotateClockwise	Rotate clockwise	Rotacionar sentido horário
::BkActionRotateCounterClockwise	Rotate counter-clockwise	Rotacionar sentido anti-horário
::LTempDisableRendering	Temporary disable rendering	Desligar temporariamente a renderização
::DTempDisableRendering	Temporary disable rendering all WE instances. Use it to get some boost on FPS without losing WE data.	Desliga temporariamente a renderização dos itens do WE. Útil para ganhar algum FPS sem perder os dados salvos do WE.
::LRequiredLodForFormulaesUpdate	Required Level Of Detail for formulaes updates	Nível de detalhe requerido para atualizar fórmulas
::DRequiredLodForFormulaesUpdate	"Higher the number, nearer to the camera the text layout must be to have their formulaes updated. Raise this setting to get more performance trading off by a smaller update area."	"Quanto maior o número, mais próximo da câmera o objeto precisa estar para que atualize suas fórmulas. Aumente esse número para obter mais desempenho ao custo de uma menor área de atualização."
::DActionMoveLeft	Move item to left by one precision value	Move o item para esquerda por um valor da precisão
::DActionMoveRight	Move item to right by one precision value	Move o item para direita por um valor da precisão
::DActionMoveUp	Move item to up by one precision value	Move o item para cima por um valor da precisão
::DActionNextText	"When an object is selected and have texts, selects the next one"	"Quando um objeto está selecionado e contém textos, seleciona o próximo texto"
::DActionPerspectiveXY	Move current editing text up/down and left/right; rotates toward front word mesh center	Move o texto em edição acima/abaixo e direita/esquerda; rotaciona o texto pelo centro da malha da palavra
::DActionPerspectiveXZ	Move curent editing text left/right and front/back; rotates toward word top center	Move o texto em edição direita/esquerda e frente/trás; rotaciona o texto atráves do centro superior da malha da palavra
::DActionPerspectiveZY	Move current editing text up/down and front/back; rotates toward word side mesh center	Move o texto em edição acima/abaixo e frente/trás; rotaciona o texto através do centro lateral da malha da palavra
::DActionPreviousText	"When an object is selected and have texts, selects the previous one"	"Quando um objeto está selecionado e contém textos, seleciona o texto anterior"
::DActionRotateClockwise	Rotate item clockwise by one precision value	Rotaciona o item no sentido horário por um valor da precisão
::DActionRotateCounterClockwise	Rotate item counter-clockwise by one precision value	Rotaciona o item no sentido anti-horário por um valor da precisão
::DAlternateFixedCamera	Toggle camera when editing text between the default game view and the fixed camera looking the current editing perspective.	"Enquanto editando textos, alterna a câmera entre a padrão do jogo e a visão fixa da perspectiva em edição"
::DEnableTool	Enables the Write Everywhere picker tool to edit texts in any prop in the city	Habilita a ferramenta do Write Everywhere para editar textos em qualquer prop na cidade
::DFontQuality	"Raise this value to increase quality of the characters from the font in the world view. A very high value may overload the texture usage from this mod, requiring a larger initial texture size to avoid text glitches and letters mismappings."	"Aumente esse valor para melhorar a qualidade dos caracteres das fontes usadas por esse mod. Um valor muito alto pode sobrecarregar o uso de texturas por esse mod, requerindo que a textura inicial seja maior para evitar erros gráficos nos textos e mapeamentos de caracteres."
::DFontsFolder	Add the fonts you want to use while in game at that folder	Adicione as fontes que deseja utilizar no jogo dentro desta pasta
::DFontsFolderRefresh	Apply changes made in the fonts folder	Aplicar as mudanças feitas na pasta de fonte
::DFramesCheckUpdate	The number of frames between each text change check. Raise this value if the mod is causing game slowdown	Quantidade de frames entre cada avaliação se o valor dos textos mudaram. Aumente esse valor caso caso o jogo estiver ficando lento.
::DLocaleDateFormat	Example of date formatting	Exemplo de formatação de data
::DLocaleFomatting	Input the ISO locale to be used when this mod formats a date or number	Indique qual o locale ISO que deve ser usado quando este mod formatar uma data ou um número
::DLocaleName	Display name of current locale	Nome de exibição do locale atual
::DLocaleNumberFormat	Example of number fomratting	Exemplo de formatação de número
::DMouseToolMove	"While editing a text, hold this mouse button and drag to move the text mesh around the XY axis currently selected at mod UI."	"Enquanto editando um texto, segure este botão do mouse e arraste para movê-lo pelos eixos XY atualmente selecionados na UI do mod."
::DMouseToolRotate	"While editing a text, hold this mouse button and drag left-right to rotate the text mesh."	"Enquanto editando um texto, segure este botão do mouse e arraste no eixo horizontal para rotacioná-lo."
::DSpritesFolder	"Add subfolders with images here to get them loaded ingame. The atlases can be used for several roles, like showing an special image every time a value changes. The value will be used to find an image with that name in the atlas.\n\nImage compatibility rules:\n- All images must be PNG\n- Their size must be lower or equal than 512x512\n- They may have an additional information file. The file must be named in pattern <[IMG_NAME_WITHOUT_EXT]_info.xml > and can have the information like example below: \n\<ImageInformation pixelsPerMeters=""100""\>\<Borders pxLeft=""0"" pxRight=""0"" pxTop=""0"" pxBottom=""0"" /\>\</ImageInformation\>"	"Adicione subpastas com imagens aqui para tê-las carregadas no jogo. Os atlas podem ser usados para diversas funções, como exibição de uma imagem determinada para quando um valor mudar. Esse valor será usado para buscar uma imagem com o nome correspondente no atlas.\n\nRegras de compatibilidade:\n- Todas as imagens devem ser no formato PNG\n- O tamanho delas não deve ultrapassar 512x512 em nenhuma dimensão\n- Elas podem ter um arquivo adicional com informações nomeado no padrão <[IMG_NAME_WITHOUT_EXT]_info.xml > que pode ter o formato abaixo: \n\<ImageInformation pixelsPerMeters=""100""\>\<Borders pxLeft=""0"" pxRight=""0"" pxTop=""0"" pxBottom=""0"" /\>\</ImageInformation\>"
::DSpritesRefresh	Reload all images from Write Everywhere modules installed and all local images.	Recarregar todas as imagens dos módulos do Write Everywhere instalados e todas as imagens locais.
::DModulesSublayoutsRefresh	Reload all subtemplates from Write Everywhere modules installed.	Recarregar todos os sublayouts dos módulos do Write Everywhere instalados.
::DSpritesFolderRefresh	Reload all images inside the sprites folder.	Recarregue todas as imagens na pasta delas.
::DPrefabLayoutsRefresh	"Reload all prefabs default layouts stored at layout folders.\n\nThe loading process will consider the name of the file to find which prefab it belongs to.\n\nOnly files with extension <*.wedefault.xml> will be loaded.\n\nThe files might be in subfolders. If more than one file is found for the same prefab, they will be merged in game."	"Recarrega todos os layouts padrão de prefabs guardados na pasta de layouts.\n\nO processo de carga irá considerar o nome do arquivo para determinar de qual prefab do jogo ele deverá ser relacionado.\n\nApenas arquivos com a extensão <*.wedefault.xml> serão carregados.\n\nOs arquivos podem estar guardados em subpastas. Caso mais de um arquivo seja encontrado para o mesmo prefab, eles serão ajuntados dentro do jogo."
::DStartTextureSizeFont	This will be the size a font will use by default when creating their texture to store the glyphs. Only raise this value if you experiencing fonts with letter mapping issues.	Esse será o tamanho de textura utilizado incialmente para que as fontes desenhem seus glifos. Apenas aumente esse valor caso esteja tendo textos com mapeamento de letras incorretos.
::DToggleLockCameraRotation	"Toggle rotating the camera along with text in the current editing plane, only applicable when camera mode is fixed to the text."	"Alterana a trava de rotação da câmera fixa no plano atualmente em edição, apenas aplicável quando o modo de câmera fixa está ativo."
::DToolIncreaseMovementStrenght	Make each pixel the mouse moves while moving or rotating a text to change  a <bigger> step.	Faz com que cada pixel que o mouse move enquanto movendo ou rotacionando o texto afete em quantidade <maior>.
::DToolReduceMovementStrenght	Make each pixel the mouse moves while moving or rotating a text to change a <smaller> step.	Faz com que cada pixel que o mouse move enquanto movendo ou rotacionando o texto afete em quantidade <menor>.
::GFont	Fonts	Tipografia
::GFormatting	Formatting	Formatação
::GItemEditing	Item editing	Edição de item
::GSprites	Sprites	Imagens
::GToolControls	Tools controls	Controles da ferramenta
::GViewPerspective	View & Perspective	Visão e perspectiva
::GLayoutDefaults	Default Layouts	Layouts padrão
::LActionCycleAxisLock	Cycle through axis lock mode	Trocar modo de trava de eixo
::LActionMoveDown	Move down	Mover abaixo
::LActionMoveLeft	Move left	Mover para a esquerda
::LActionMoveRight	Move right	Mover para a direita
::LActionMoveUp	Move up	Mover acima
::LActionNextText	Select next text	Selecionar próximo texto
::LActionPerspectiveXY	Front View (XY)	Visão frontal (XY)
::LActionPerspectiveXZ	Top view (XZ)	Visão superior (XZ)
::LActionPerspectiveZY	Right view (ZY)	Visão lateral direita (ZY)
::LActionPreviousText	Select previous text	Selecionar texto anterior
::LActionRotateClockwise	Rotate clockwise	Rotacionar sentido horário
::LActionRotateCounterClockwise	Rotate counter-clockwise	Rotacionar sentido anti-horário
::LAlternateFixedCamera	Alternate Fixed Camera	Alternar câmera fixa
::LEnableTool	Enable WE Tool	Habilitar ferramenta do WE
::LFontQuality	Glyphs quality	Qualidade dos glifos
::LFontsFolder	Go to fonts files folder	Ir à pasta com arquivos de fonte
::LFontsFolderRefresh	Refresh loaded fonts	Recarregar fontes
::LFramesCheckUpdate	Text update interval	Intervalo de atualização de textos
::LLocaleDateFormat	Date formatting	Formatação de data
::LLocaleFomatting	Locale used when formatting	Localização usada ao formatar
::LLocaleName	Locale name	Nome do formato
::LLocaleNumberFormat	Number formatting	Formatação de números
::LMouseToolMove	Click to move button	Botão para movimento de texto
::LMouseToolRotate	Click to rotate button	Botão para rotação de texto
::LSpritesFolder	Go to sprites files folder	Ir à pasta com arquivos de imagens
::LSpritesRefresh	Refresh all sprites	Recarregar todas as imagens
::LModulesSublayoutsRefresh	Reload modules subtemplates	Recarregar sublayouts dos módulos
::LPrefabLayoutsRefresh	Refresh loaded default prefab layouts	Recarregar layouts padrão de prefabs
::LStartTextureSizeFont	Initial texture size for each font	Tamanho inicial da textura de fonte
::LToggleLockCameraRotation	Toggle lock fixed camera rotation	Alternar rotação travada da câmera fixa
::LToolIncreaseMovementStrenght	Increase precision step	Aumentar passo de precisão
::LToolReduceMovementStrenght	Decrease precision step	Reduzir passo de precisão
::M	Write Everywhere	Write Everywhere
::TKeybinding	Keybinding	Teclas
::TSourcesTab	Sources	Fontes
K45::WE.vuio[appearenceSettings.appearenceTitle]	Appearance Settings	Configurações de aparência
K45::WE.vuio[appearenceSettings.CoatStrength]	Coat Strength	Envernizamento
K45::WE.vuio[appearenceSettings.emissiveColor]	Emission Color	Cor Emissiva
K45::WE.vuio[appearenceSettings.EmissiveExposureWeight]	Emissive Exposure	Exposição Emissiva
K45::WE.vuio[appearenceSettings.EmissiveIntensity]	Emissive Intensity	Intensidade Emissiva
K45::WE.vuio[appearenceSettings.mainColor]	Main Color	Cor Principal
K45::WE.vuio[appearenceSettings.Metallic]	Metallic	Metálico
K45::WE.vuio[appearenceSettings.Smoothness]	Smoothness	Suavidade
K45::WE.vuio[cancelBtn]	Cancel	Cancelar
K45::WE.vuio[cityFontsTab.addFont]	Add Font	Adicionar fonte
K45::WE.vuio[cityFontsTab.addFontDialog.errorLoadingFontMsg]	Path or file invalid. Aborting!	Caminho ou arquivo inválido. Abortando!
K45::WE.vuio[cityFontsTab.addFontDialog.text]	Select the font  to be imported	Selecione a fonte a ser importado
K45::WE.vuio[cityFontsTab.addFontDialog.title]	Import font	Importar fonte
K45::WE.vuio[cityFontsTab.confirmDeleteText]	Are you sure you want to delete this font from the city?\nThe layouts that use this font will be redefined to use the default font.	Tem certeza que deseja apagar esta fonte desta cidade?\nOs layouts que a utilizam serão redefinidos para a fonte padrão.
K45::WE.vuio[cityFontsTab.confirmOverrideOnRename]	A font with the same name already exists. Confirm override?	Uma fonte com este mesmo nome já existe. Sobrescrever?
K45::WE.vuio[cityFontsTab.delete]	Delete from city	Excluir da cidade
K45::WE.vuio[cityFontsTab.duplicate]	Duplicate	Duplicar
K45::WE.vuio[cityFontsTab.duplicateDialog.text]	Insert the name of the new font.\nIt must have alphanumeric characters and underscores only.	Insira o nome da nova fonte.\nO nome deve conter apenas caracteres alfanuméricos e underscores.
K45::WE.vuio[cityFontsTab.duplicateDialog.title]	Duplicate font	Duplicar fonte
K45::WE.vuio[cityFontsTab.rename]	Rename	Renomear
K45::WE.vuio[cityFontsTab.renameDialog.text]	"Insert the new name for this font. Notice the usages of the font won't be affected by its name changing.\nIt must have alphanumeric characters, spaces and underscores only."	"Insira o novo nome para esta fonte. Note que alterar o nome da fonte não irá alterar os locais onde ela é usada.\nO nome deve conter apenas caracteres alfanuméricos, espaços e underscores."
K45::WE.vuio[cityFontsTab.renameDialog.title]	Rename font	Renomear fonte
K45::WE.vuio[cityFontsTab.typeAboveToPreview]	Type a text at input above to preview this font	Digite um texto na caixa acima para visualizar esta fonte
K45::WE.vuio[cityLayoutsTab.addTemplateFromXml]	Add template from XML...	Adicionar template do XML...
K45::WE.vuio[cityLayoutsTab.addTemplateXmlDialog.errorLoadingFontMsg]	The file couldn't be loaded. Please check the file path and contents and try again.	O arquivo não pôde ser carregado. Confira o caminho informado e o conteúdo do arquivo e tente novamente.
K45::WE.vuio[cityLayoutsTab.addTemplateXmlDialog.text]	Select the layout file to be imported.	Selecione o arquivo de layout a ser importado.
K45::WE.vuio[cityLayoutsTab.addTemplateXmlDialog.title]	Add template from XML	Adicionar template do XML
K45::WE.vuio[cityLayoutsTab.confirmDeleteText]	Are you sure you want to delete this layout from the city?\n(It won't delete any layout saved into a file)	Tem certeza que deseja apagar este layout desta cidade?\n(Isso não apagará nenhum layout salvo em arquivos)
K45::WE.vuio[cityLayoutsTab.confirmOverrideOnRename]	A template with the same name already exists. Confirm override?	Um template com este mesmo nome já existe. Sobrescrever?
K45::WE.vuio[cityLayoutsTab.delete]	Delete from city	Excluir da cidade
K45::WE.vuio[cityLayoutsTab.duplicate]	Duplicate	Duplicar
K45::WE.vuio[cityLayoutsTab.duplicateDialog.text]	Insert the name of the new layout	Insira o nome do novo layout
K45::WE.vuio[cityLayoutsTab.duplicateDialog.title]	Duplicate layout	Duplicar layout
K45::WE.vuio[cityLayoutsTab.exportXml]	Export as XML	Exportar como XML
K45::WE.vuio[cityLayoutsTab.exportXml.back]	Back	Voltar
K45::WE.vuio[cityLayoutsTab.exportXml.goToFileFolder]	Go to exported files folder	Ir à pasta de arquivos exportados
K45::WE.vuio[cityLayoutsTab.exportXml.successMessage]	"Layout exported successfully as ""{name}"""	"Layout exportado com sucesso como ""{name}"""
K45::WE.vuio[cityLayoutsTab.exportXml.text]	"Insert the name of the file this template will be exported. If there's already a file with this name, a suffix wil be added to not overwrite existng"	"Insira o nome do arquivo que esse template será salvo. Caso já exista um arquivo com esse nome, um sufixo será adicionado ao nome do arquivo para não sobrescrevê-lo"
K45::WE.vuio[cityLayoutsTab.exportXml.title]	Export as XML	Exportar como XML
K45::WE.vuio[cityLayoutsTab.rename]	Rename	Renomear
K45::WE.vuio[cityLayoutsTab.renameDialog.text]	Insert the new name for this template	Insira o novo nome para este template
K45::WE.vuio[cityLayoutsTab.renameDialog.title]	Rename layout	Renomear Layout
K45::WE.vuio[cityLayoutsTab.usages]	Usages in templates instances	Usos em templates instanciados
K45::WE.vuio[formulaeEditor.addDialog.title]	Add new stage	Adicionar estágio
K45::WE.vuio[formulaeEditor.addDialog.tooltip_component]	Component: {0}	Componente: {0}
K45::WE.vuio[formulaeEditor.addDialog.tooltip_field]	Field: {1} (Type = {0})	Campo: {1} (Tipo = {0})
K45::WE.vuio[formulaeEditor.addDialog.tooltip_instanceMethod]	Instance method: {1}() (Return Type = {0})	Método de instância: {1}() (Tipo retornado = {0})
K45::WE.vuio[formulaeEditor.addDialog.tooltip_property]	Property: {1} (Type = {0})	Propriedade: {1} (Tipo = {0})
K45::WE.vuio[formulaeEditor.addDialog.tooltip_staticMethod]	Static method: {0}.{1}(<previous stage value>) : {2}	Método estático: {0}.{1}(<Valor do estágio anterior>) : {2}
K45::WE.vuio[formulaeEditor.addDialog.WEMemberSource_0]	Game	Jogo
K45::WE.vuio[formulaeEditor.addDialog.WEMemberSource_1]	Unity Engine	Unity Engine
K45::WE.vuio[formulaeEditor.addDialog.WEMemberSource_2]	CoUI	CoUI
K45::WE.vuio[formulaeEditor.addDialog.WEMemberSource_3]	System	Sistema
K45::WE.vuio[formulaeEditor.addDialog.WEMemberSource_4]	Mod	Mod
K45::WE.vuio[formulaeEditor.addDialog.WEMemberSource_5]	<Unknown>	<Desconhecido>
K45::WE.vuio[formulaeEditor.addDialog.loading]	Loading data... Please wait	Carregando dados... Aguarde
K45::WE.vuio[formulaeEditor.addDialog.noWay]	There are no way to go from here!	Não há como continuar daqui!
K45::WE.vuio[formulaeEditor.addDialog.navigate]	Navigate through	Navegar
K45::WE.vuio[formulaeEditor.addDialog.runStatic]	Static method	Método estático
K45::WE.vuio[formulaeEditor.addDialog.pickAnyComponent]	Pick any component	Qualquer componente
K45::WE.vuio[formulaeEditor.addDialog.pickFromCurrent]	Component from current	Componente do atual
K45::WE.vuio[formulaeEditor.addDialog.arrayIndexingFieldLabel]	Index number	Número do índice
K45::WE.vuio[formulaeEditor.addDialog.arrayIndexing]	Array/List indexing	Indexação de lista/array
K45::WE.vuio[formulaeEditor.addStageEnd]	Add stage at end	Adicionar estágio no fim
K45::WE.vuio[formulaeEditor.descType.componentGetter]	Get component	Obter componente
K45::WE.vuio[formulaeEditor.descType.fieldGetter]	Load field	Carregar campo
K45::WE.vuio[formulaeEditor.descType.parameterlessInstanceMethodCall]	Call instance method	Método de instância
K45::WE.vuio[formulaeEditor.descType.propertyGetter]	Get property	Obter propriedade
K45::WE.vuio[formulaeEditor.descType.staticMethod]	Static method call	Método estático
K45::WE.vuio[formulaeEditor.descType.arrayIndexing]	Array/List indexing	Indexação de lista/array
K45::WE.vuio[formulaeEditor.editorFootnote]	Notice that you can also copy/edit/paste the formulae at content editor window.	Note que a fórmula também pode ser copiada/editada/colada na janela de edição de conteúdo.
K45::WE.vuio[formulaeEditor.finalPipelineAlwaysStringInfo]	The final text will always have type String	O texto final sempre será do tipo String
K45::WE.vuio[formulaeEditor.finalPipelineAlwaysColorInfo]	The final text will always have type Color	O texto final sempre será do tipo Color (cor)
K45::WE.vuio[formulaeEditor.finalPipelineAlwaysFloatInfo]	The final text will always have type Float	O texto final sempre será do tipo Float
K45::WE.vuio[formulaeEditor.implicitConversionWarningString]	Implicit conversion to String	Conversão implícita para String
K45::WE.vuio[formulaeEditor.implicitConversionWarningColor]	Implicit conversion to Color	Conversão implícita para Color
K45::WE.vuio[formulaeEditor.implicitConversionWarningFloat]	Implicit conversion to Float	Conversão implícita para Float
K45::WE.vuio[formulaeEditor.implicitConversionWarningColorFail]	Invalid color! It always be magenta (#FF00FF)	Cor inválida! Sempre será magenta (#FF00FF)
K45::WE.vuio[formulaeEditor.implicitConversionWarningFloatFail]	Invalid number! It always be Not a Number	Número inválido! Sempre irá retornar Not a Number (NaN)
K45::WE.vuio[formulaeEditor.removeLastStage]	Remove last stage	Remover último estágio
K45::WE.vuio[formulaeEditor.title]	Formulae stages	Estágios da fórmula
K45::WE.vuio[loadBtn]	Load	Carregar
K45::WE.vuio[mainUi.tab.CityAtlases]	City Atlases	Atlas salvos
K45::WE.vuio[mainUi.tab.CityFonts]	City Fonts	Tipografia
K45::WE.vuio[mainUi.tab.CityLayouts]	City Layouts	Layouts salvos
K45::WE.vuio[mainUi.tab.PrefabTemplatesReplacements]	Prefab Templates Setup	Conf. Templates de Prefabs
K45::WE.vuio[saveBtn]	Save	Salvar
K45::WE.vuio[shaderProperties.dynamicObjectsDecalFilter]	Decal filter for dynamic objects	Filtro de adesivo de objetos dinâmicos
K45::WE.vuio[shaderProperties.supportBuildingDecals]	Support building decals	Aceitar adesivos de prédios
K45::WE.vuio[shaderProperties.supportCreatureDecals]	Support creature decals	Aceitar adesivos de criaturas
K45::WE.vuio[shaderProperties.supportOtherDecals]	Support other (???) decals	Aceitar outros tipos de adesivos (???)
K45::WE.vuio[shaderProperties.supportRoadDecals]	Support road decals	Aceitar adesivos de estradas
K45::WE.vuio[shaderProperties.supportTerrainDecals]	Support terrain decals	Aceitar adesivos de terreno
K45::WE.vuio[shaderProperties.title]	Shader properties	Propriedades do Shader
K45::WE.vuio[template.loadXmlDialog.dialogText]	Select the layout file to be imported.	Selecione o arquivo de layout a ser importado.
K45::WE.vuio[template.loadXmlDialog.error.1]	The file couldn't be loaded. Please check the file path and contents and try again.	O arquivo não pôde ser carregado. Confira o caminho informado e o conteúdo do arquivo e tente novamente.
K45::WE.vuio[template.loadXmlDialog.title]	Load from XML	Carregar do XML
K45::WE.vuio[template.saveCityDialog.error.1]	This node couldn't be saved as city template due it have any child typed as Template. City templates must only be composed by Text and Image nodes.	Este nó não pôde ser salvo como template da cidade pois tem algum filho que é Marcador. Templates da cidade apenas podem ser compostos por nós de Texto e Imagem.
K45::WE.vuio[template.saveCityDialog.dialogText]	Insert the name this template will be saved. This is the name that will link placeholder items to this layout (set at item name field of the placeholder item)	Insira o nome que irá guardar esse template. Este nome será usado para corresponder itens de marcações com este layout (colocando-o como nome do item de marcação)
K45::WE.vuio[template.saveCityDialog.title]	Save as current city template	Salvar como template desta cidade
K45::WE.vuio[textHierarchyWindow.addEmptyChild]	Add empty as children	Adicionar item vazio como filho
K45::WE.vuio[textHierarchyWindow.addEmptyRoot]	Add empty at root	Adicionar item vazio na raiz
K45::WE.vuio[textHierarchyWindow.addEmptySibling]	Add empty as sibling	Adicionar item vazio como irmão
K45::WE.vuio[textHierarchyWindow.addItem]	Add node...	Adicionar item...
K45::WE.vuio[textHierarchyWindow.clearClipboard]	Clear clipboard	Limpar área de transferência
K45::WE.vuio[textHierarchyWindow.confirmOverrideCityTemplateQuestion]	There's already acity template with this name. Override?	Já existe um template com esse nome salvo nesta cidade. Sobrescrever?
K45::WE.vuio[textHierarchyWindow.copiedInfoSuffix]	TO BE COPIED	COPIANDO
K45::WE.vuio[textHierarchyWindow.copy]	Copy	Copiar
K45::WE.vuio[textHierarchyWindow.cut]	Cut	Recortar
K45::WE.vuio[textHierarchyWindow.cuttedInfoSuffix]	TO BE CUT	RECORTANDO
K45::WE.vuio[textHierarchyWindow.delete]	Delete item	Apagar item
K45::WE.vuio[textHierarchyWindow.exportLayoutAsDefault]	Export selected as prefab default layout	Exportar seleção como layout padrão do prefab
K45::WE.vuio[textHierarchyWindow.exportLayoutXml]	Export selected as xml..	Exportar seleção como xml...
K45::WE.vuio[textHierarchyWindow.exportOrSave]	Export/save...	Exportar/salvar...
K45::WE.vuio[textHierarchyWindow.importLayoutXml.asChild]	Import layout from xml as child...	Importar layout do xml como filho...
K45::WE.vuio[textHierarchyWindow.importLayoutXml.asSibling]	Import layout from xml as sibling...	Importar layout do xml como irmão...
K45::WE.vuio[textHierarchyWindow.importLayoutXml.toRoot]	Import layout from xml at root...	Importar layout do xml na raiz...
K45::WE.vuio[textHierarchyWindow.importOrLoad]	Import/load...	Importar/carregar...
K45::WE.vuio[textHierarchyWindow.loadFromCityTemplate.asChild]	Load from city template as child...	Carregar do template da cidade como filho...
K45::WE.vuio[textHierarchyWindow.loadFromCityTemplate.asSibling]	Load from city template as sibling...	Carregar do template da cidade como irmão...
K45::WE.vuio[textHierarchyWindow.loadFromCityTemplate.toRoot]	Load from city template at root...	Carregar do template da cidade na raiz...
K45::WE.vuio[textHierarchyWindow.pasteAsChildren]	...as child of current node	...como filho do nó atual
K45::WE.vuio[textHierarchyWindow.pasteAsSibling]	...as sibling of current node	...como irmão do nó atual
K45::WE.vuio[textHierarchyWindow.pasteAt]	Paste...	Colar...
K45::WE.vuio[textHierarchyWindow.pasteAtRoot]	...at element tree root	...na raiz da árvore de elementos
K45::WE.vuio[textHierarchyWindow.saveAsCityTemplate]	Save as current city template...	Salvar como template desta cidade...
K45::WE.vuio[textHierarchyWindow.title]	WE's components tree	Árvore de componentes do WE
K45::WE.vuio[textValueSettings.atlas]	Atlas	Atlas
K45::WE.vuio[textValueSettings.contentType]	Content Type	Tipo de conteúdo
K45::WE.vuio[textValueSettings.contentType.0]	Text	Texto
K45::WE.vuio[textValueSettings.contentType.1]	Image	Imagem
K45::WE.vuio[textValueSettings.contentType.2]	Placeholder	Marcação
K45::WE.vuio[textValueSettings.contentType.4]	White texture	Textura em branco
K45::WE.vuio[textValueSettings.fixedText]	Text	Texto
K45::WE.vuio[textValueSettings.fontFieldTitle]	Text font	Fonte tipográfica
K45::WE.vuio[textValueSettings.formulae]	Formulae	Fórmula
K45::WE.vuio[textValueSettings.focusInFormulaePanel]	Focus in formulae panel	Focar no painel de fórmula
K45::WE.vuio[textValueSettings.heightCm]	Base height (cm)	Altura base (cm)
K45::WE.vuio[textValueSettings.heightWidthCm]	Width x Height (cm)	Largura x Altura (cm)
K45::WE.vuio[textValueSettings.image]	Image	Imagem
K45::WE.vuio[textValueSettings.importNewFont]	Import font	Importar fonte
K45::WE.vuio[textValueSettings.maxWidth]	Max. text width (m)	Largura máxima (m)
K45::WE.vuio[textValueSettings.title]	Content	Conteúdo
K45::WE.vuio[textValueSettings.useAbsoluteSize]	Edit absolute size	Editar por tamanho absoluto
K45::WE.vuio[textValueSettings.useFormulae]	Toggle using formulae	Alternar uso de fórmula
K45::WE.vuio[textValueSettings.widthCm]	Width (cm)	Largura (cm)
K45::WE.vuio[textValueSettings.widthDistortion]	Horizontal distortion	Distorção horizontal
K45::WE.vuio[toolOption.actions]	Actions	Ações
K45::WE.vuio[toolOption.addText.tooltip]	Add text	Adicionar texto
K45::WE.vuio[toolOption.AppearenceBtn.tooltip]	Appearance settings	Configurações de aparência
K45::WE.vuio[toolOption.editingPlane]	Editing plane	Plano em edição
K45::WE.vuio[toolOption.editingPlane_XY.tooltip]	"Move in XY, rotate in Z (front)"	"Mover em XY, girar em Z (frente)"
K45::WE.vuio[toolOption.editingPlane_XZ.tooltip]	"Move in XZ, rotate in Y (top)"	"Mover em XZ, girar em Y (topo)"
K45::WE.vuio[toolOption.editingPlane_ZY.tooltip]	"Move in ZY, rotate in X (right)"	"Mover em ZY, girar em X (direita)"
K45::WE.vuio[toolOption.itemName]	Name	Nome
K45::WE.vuio[toolOption.itemNamePlaceholder]	City Layout Name	Nome do layout da cidade
K45::WE.vuio[toolOption.lockCamera.tooltip]	Lock camera to editing plane area and angle	Bloquear a câmera para editar a área e o ângulo do plano
K45::WE.vuio[toolOption.lockRotationView.tooltip]	Lock camera rotation when fixed	Travar rotação da câmera fixa
K45::WE.vuio[toolOption.mousePrecision]	Mouse precision	Precisão do mouse
K45::WE.vuio[toolOption.mousePrecision_down.tooltip]	Decrease the strenght of the mouse moves when editing the text position/rotation	Diminuir a força dos movimentos do mouse ao editar a posição/rotação do texto
K45::WE.vuio[toolOption.mousePrecision_up.tooltip]	Increment the strenght of the mouse moves when editing the text position/rotation	Aumentar a força dos movimentos do mouse ao editar a posição/rotação do texto
K45::WE.vuio[toolOption.moveMode.descriptionBoth]	Move in any direction	Mover em qualquer direção
K45::WE.vuio[toolOption.moveMode.descriptionHorizontal]	Move horizontally only	Movendo apenas horizontalmente
K45::WE.vuio[toolOption.moveMode.descriptionVertical]	Move vertically only	Movendo apenas verticalmente
K45::WE.vuio[toolOption.moveMode.tooltip]	Toggle between modes to lock/unlock a axis in current plane. Currently:	Alterne entre os modos para bloquear/desbloquear um eixo no plano atual. Atualmente:
K45::WE.vuio[toolOption.picker.tooltip]	Pick another object	Escolher outro objeto
K45::WE.vuio[toolOption.decalProjectionCube.tooltip]	Toggle decal projection cube	Alternar cubo de projeção do decal
K45::WE.vuio[toolOption.position]	Position	Posição
K45::WE.vuio[toolOption.removeText.tooltip]	Remove text	Remover texto
K45::WE.vuio[toolOption.rotation]	Rotation	Rotação
K45::WE.vuio[toolOption.selectItem]	Select an Item	Selecione um item
K45::WE.vuio[toolOption.ShaderBtn.tooltip]	Shader properties	Propriedades do Shader
K45::WE.vuio[appearenceSettings.glassColor]	Glass base color/transp.	Cor/transp. base do vidro
K45::WE.vuio[appearenceSettings.glassRefraction]	Glass refraction	Refração do vidro
K45::WE.vuio[shaderProperties.shaderType]	Shader type	Tipo de shader
K45::WE.vuio[shaderProperties.shaderType.0]	Default	Padrão
K45::WE.vuio[shaderProperties.shaderType.1]	Glass	Vidro
K45::WE.vuio[appearenceSettings.glassTint]	Tint absorb	Absorção de tinta
K45::WE.vuio[appearenceSettings.glassClearness]	Glass clearness	Clareza do vidro
K45::WE.vuio[appearenceSettings.colorMask1]	Color mask #1	Máscara de cor 1
K45::WE.vuio[appearenceSettings.colorMask2]	Color mask #2	Máscara de cor 2
K45::WE.vuio[appearenceSettings.colorMask3]	Color mask #3	Máscara de cor 3
K45::WE.vuio[appearenceSettings.normalStrength]	Normals strength	Efeito de normal map
K45::WE.vuio[appearenceSettings.glassThickness]	Glass thickness	Grossura do vidro
::NTK45::WE.generatingAtlasesCache	WE: Atlases Cache	WE: Cache de atlas
::NDK45::WE.generatingAtlasesCache	Updating atlases cache for Write Everywhere	Atualizando o cache de atlas do Write Everywhere
::NDK45::WE.generatingAtlasesCache.deletingOld	Deleting old cache	Excluindo dados antigos
::NDK45::WE.generatingAtlasesCache.loadingFolders	Loading atlas {atlasName} ({progress})	Carregando atlas {atlasName} ({progress})
::NDK45::WE.generatingAtlasesCache.loadingInternalAtlas	Loading internal atlas	Carregando atlas interno
::NDK45::WE.generatingAtlasesCache.complete	Loading complete	Carregamento concluído
Menu.NOTIFICATION_TITLE[K45::WE.loadingPrefabTemplates]	WE: Prefabs default layouts	WE: Layouts padrão dos prefabs
Menu.NOTIFICATION_DESCRIPTION[K45::WE.loadingPrefabTemplates]	Loading default layout of prefabs	Carregando arquivos de layout padrão
Menu.NOTIFICATION_DESCRIPTION[K45::WE.loadingPrefabTemplates.gettingPrefabIndexes]	Getting all prefabs indexes	Obtendo todos os índices dos prefabs
Menu.NOTIFICATION_DESCRIPTION[K45::WE.loadingPrefabTemplates.prefabIndexesLoaded]	Prefab indexes loaded.	Índices de prefabs carregados.
Menu.NOTIFICATION_DESCRIPTION[K45::WE.loadingPrefabTemplates.erasingCachedLayouts]	Erasing cache...	Apagando cache...
Menu.NOTIFICATION_DESCRIPTION[K45::WE.loadingPrefabTemplates.disposedOldLayout]	Disposing old templates ({progress})	Desmontando templates antigos ({progress})
Menu.NOTIFICATION_DESCRIPTION[K45::WE.loadingPrefabTemplates.searchingForFiles]	Searching for files...	Procurando arquivos...
Menu.NOTIFICATION_DESCRIPTION[K45::WE.loadingPrefabTemplates.loadingPrefabLayoutFile]	({progress}) Loading {fileName}	({progress}) Carregando {fileName}
Menu.NOTIFICATION_DESCRIPTION[K45::WE.loadingPrefabTemplates.loadingComplete]	Loading complete	Carregamento concluído
K45::WE.TEMPLATE_MANAGER[invalidPrefabName]	No prefab loaded with name: '{prefabName}'. Skipping...	Nenhum prefab encontrado com o nome '{prefabName}'. Ignorando...
K45::WE.TEMPLATE_MANAGER[invalidFileContent]	Failed loding default template for prefab '{prefabName}'. Checktmod log to more information ({validationResults})	Falha ao carregar o template padrão do prefab '{prefabName}'. Verifique o log para detalhes ({validationResults})
Menu.NOTIFICATION_TITLE[K45::WE.errorLoadingPrefabTemplates]	WE: Error loading some prefab layouts	WE: Erro ao carregar alguns layouts de prefab
Menu.NOTIFICATION_DESCRIPTION[K45::WE.errorLoadingPrefabTemplates]	Click for details	Clique para detalhes
K45::WE.TEMPLATE_MANAGER[errorDialogHeader]	Some files were not loaded due errors. Check log for more details.	Alguns arquivos não foram carregados devido a erros. Confira o log do mod para mais detalhes.
K45::WE.vuio[cityAtlasesTab.usages]	Usages in templates instances	Usos em templates instanciados
K45::WE.vuio[cityAtlasesTab.imageCount]	Images count	Total de imagens
K45::WE.vuio[cityAtlasesTab.textureSize]	Texture size	Tamanho da textura
K45::WE.vuio[cityAtlasesTab.source]	Source	Fonte
K45::WE.vuio[cityAtlasesTab.source.saveGame]	Save Game/City	Save Game/Cidade
K45::WE.vuio[cityAtlasesTab.source.libraryFolder]	Library folder	Pasta da biblioteca
K45::WE.vuio[cityAtlasesTab.delete]	Delete from city savegame	Apagar do arquivo da cidade
K45::WE.vuio[cityAtlasesTab.export]	Export	Exportar
K45::WE.vuio[cityAtlasesTab.addToSavegame]	Add to city savegame	Adicionar ao arquivo da cidade
K45::WE.vuio[cityAtlasesTab.export.title]	Export atlas	Exportar atlas
K45::WE.vuio[cityAtlasesTab.export.text]	Type the name of the export folder	Digite o nome da pasta a ser exportada
K45::WE.vuio[cityAtlasesTab.export.successMessage]	"The atlas was exported succefully as ""{name}"" at atlas export folder"	"O atlas foi salvo com sucesso sob o nome ""{name}"" na pasta de exportação de atlas"
K45::WE.vuio[cityAtlasesTab.export.goToFileFolder]	Go to atlas export folder	Ir à pasta de exportação de atlas
K45::WE.vuio[cityAtlasesTab.export.back]	Back	Voltar
K45::WE.vuio[cityAtlasesTab.addToCityDialog.title]	Add atlas to this savegame	Adicionar atlas ao savegame
K45::WE.vuio[cityAtlasesTab.addToCityDialog.text]	"Type the name of this atlas inside the savegame. For overriding existing atlas in the savegame, exclude the current version first."	"Informe o nome desse atlas dentro do savegame. Para sobrescrever altas que já estão no savegame, exclua a versão atual primeiro."
K45::WE.vuio[cityAtlasesTab.confirmDeleteText]	"Are you sure you want to remove the atlas '{name}' from the savegame?\n\nNotice: This action won't erase any file in disk. If a atlas with same name exists in local folder, it will replace the removed one."	"Tem certeza que deseja remover o atlas '{name}' do savegame?\n\nAviso: Isto não irá apagar nenhum arquivo no disco. Se houver um atlas com um nome igual na pasta de atlas locais, ele irá substituir o atlas removido."
K45::WE.vuio[cityAtlasesTab.localAtlasesSection]	Local folder atlases	Altas da pasta local
K45::WE.vuio[cityAtlasesTab.cityAtlasesSection]	Savegame atlases	Atlas do savegame
K45::WE.vuio[cityAtlasesTab.noCityAtlases]	<No atlases on Savegame>	<Sem atlas no savegame>
K45::WE.vuio[cityAtlasesTab.noLocalAtlases]	<No subfolders found at atlases local folder>	<Nenhuma subpasta encontrada na pasta de atlas locais>
K45::WE.vuio[formulaeTitleName.material.0.MainColor]	Main Color	Cor Principal
K45::WE.vuio[formulaeTitleName.material.0.EmissiveColor]	Emission Color	Cor Emissiva
K45::WE.vuio[formulaeTitleName.material.0.GlassColor]	???	???
K45::WE.vuio[formulaeTitleName.material.0.ColorMask1]	Color mask #1	Máscara de cor 1
K45::WE.vuio[formulaeTitleName.material.0.ColorMask2]	Color mask #2	Máscara de cor 2
K45::WE.vuio[formulaeTitleName.material.0.ColorMask3]	Color mask #3	Máscara de cor 3
K45::WE.vuio[formulaeTitleName.material.0.Metallic]	Metallic	Metálico
K45::WE.vuio[formulaeTitleName.material.0.Smoothness]	Smoothness	Suavidade
K45::WE.vuio[formulaeTitleName.material.0.EmissiveIntensity]	Emissive Intensity	Intensidade Emissiva
K45::WE.vuio[formulaeTitleName.material.0.CoatStrength]	Coat Strength	Envernizamento
K45::WE.vuio[formulaeTitleName.material.0.EmissiveExposureWeight]	Emissive Exposure	Exposição Emissiva
K45::WE.vuio[formulaeTitleName.material.0.GlassRefraction]	???	???
K45::WE.vuio[formulaeTitleName.material.0.NormalStrength]	???	???
K45::WE.vuio[formulaeTitleName.material.0.GlassThickness]	???	???
K45::WE.vuio[formulaeTitleName.material.1.MainColor]	Main Color	Cor Principal
K45::WE.vuio[formulaeTitleName.material.1.EmissiveColor]	???	???
K45::WE.vuio[formulaeTitleName.material.1.GlassColor]	Glass base color/transp.	Cor/transp. base do vidro
K45::WE.vuio[formulaeTitleName.material.1.ColorMask1]	???	???
K45::WE.vuio[formulaeTitleName.material.1.ColorMask2]	???	???
K45::WE.vuio[formulaeTitleName.material.1.ColorMask3]	???	???
K45::WE.vuio[formulaeTitleName.material.1.Metallic]	Tint absorb	Absorção de tinta
K45::WE.vuio[formulaeTitleName.material.1.Smoothness]	Glass clearness	Clareza do vidro
K45::WE.vuio[formulaeTitleName.material.1.EmissiveIntensity]	???	???
K45::WE.vuio[formulaeTitleName.material.1.CoatStrength]	Glass base color/transp.	Cor/transp. base do vidro
K45::WE.vuio[formulaeTitleName.material.1.EmissiveExposureWeight]	???	???
K45::WE.vuio[formulaeTitleName.material.1.GlassRefraction]	Glass refraction	Refração do vidro
K45::WE.vuio[formulaeTitleName.material.1.NormalStrength]	Normals strength	Efeito de normal map
K45::WE.vuio[formulaeTitleName.material.1.GlassThickness]	Glass thickness	Grossura do vidro
K45::WE.vuio[formulaeTitleName.mesh.0.ValueText]	Text content	Conteúdo de texto
K45::WE.vuio[formulaeTitleName.mesh.1.ValueText]	Atlas image	Imagem do atlas
Menu.NOTIFICATION_DESCRIPTION[K45::WE.generatingAtlasesCacheMod.loading]	Loading atlas {atlasName} ({progress})	Carregando atlas {atlasName} ({progress})
Menu.NOTIFICATION_DESCRIPTION[K45::WE.generatingAtlasesCacheMod.complete]	Atlas {atlasName} loaded	Atlas {atlasName} carregado
Menu.NOTIFICATION_DESCRIPTION[K45::WE.generatingAtlasesCacheMod.error]	Error loading atlas {atlasName} from mod '{mod}'	Erro ao carregar atlas {atlasName} do mod '{mod}'
Menu.NOTIFICATION_TITLE[K45::WE.generatingAtlasesCacheMod]	[WE] Atlas for mod {mod}	[WE] Atlas do mod {mod}
K45::WE.vuio[generatingAtlasesCacheMod.errorDialog.title]	Error loading atlas from another mod	Erro ao carregar atlas de outro mod
K45::WE.vuio[generatingAtlasesCacheMod.errorDialog.header]	The atlas <{atlasName}> of the mod <{mod}> failed loading. Contact the author from <{mod}> to get support.\n\nError details:	O atlas <{atlasName}> do mod <{mod}> falhou ao ser carregado. Contate o autor de <{mod}> para obter suporte.\n\nDetalhes do errro:
K45::WE.vuio[cityFontsTab.addFontDialog.fontsFromMods]	Fonts from mods	Fontes de mods
K45::WE.vuio[cityLayoutsTab.addTemplateXmlDialog.templateFromMods]	Templates from mods	Templates de mods
K45::WE.vuio[cityAtlasesTab.modTitlePattern]	{ModName} (mod)	{ModName} (mod)
K45::WE.vuio[prefabTemplatesReplacementsTab.currentCitySourceTitle]	<Current city>	<Cidade atual>
K45::WE.vuio[prefabTemplatesReplacementsTab.fontsToReplace]	Fonts to replace	Fontes a substituir
K45::WE.vuio[prefabTemplatesReplacementsTab.atlasToReplace]	Atlases to replace	Atlas a substituir
K45::WE.vuio[prefabTemplatesReplacementsTab.subtemplatesToReplace]	Subtemplates to replace	Subtemplates a substituir
K45::WE.vuio[prefabTemplatesReplacementsTab.fontsToReplaceTab]	Fonts	Fontes
K45::WE.vuio[prefabTemplatesReplacementsTab.atlasToReplaceTab]	Atlases	Atlas
K45::WE.vuio[prefabTemplatesReplacementsTab.subtemplatesToReplaceTab]	Subtemplates	Subtemplates
K45::WE.vuio[prefabTemplatesReplacementsTab.saveBtn]	Save replacements settings	Salvar configuração de substituição
K45::WE.vuio[prefabTemplatesReplacementsTab.loadBtn]	Load replacement settings	Carregar configuração de substituição
K45::WE.vuio[prefabTemplatesReplacementsTab.saveSettingsDialogTitle]	Save replacements	Salvar substituições
K45::WE.vuio[prefabTemplatesReplacementsTab.saveSettingsDialogText]	Type the name of the file to be stored the current replacement settings.	Informe o nome do arquivo que irá guardar as configurações atuais de substituição.
K45::WE.vuio[prefabTemplatesReplacementsTab.confirmOverrideText]	The file already exists. Replace?	O arquivo já existe. Substituir?
K45::WE.vuio[prefabTemplatesReplacementsTab.savedAtDialogTemplate]	Saved at file:\n{path}	Salvo no arquivo:\n{path}
K45::WE.vuio[prefabTemplatesReplacementsTab.loadSettingsDialogTitle]	Load replacements	Carregar substituições
K45::WE.vuio[prefabTemplatesReplacementsTab.loadSettingsDialogText]	Select the replacement file to be loaded.	Selecione o arquivo de substituições a ser carregado.
K45::WE.vuio[prefabTemplatesReplacementsTab.goToSavedReplacementsFolder]	Go to saved replacements folder	Ir à pasta das configurações salvas
K45::WE.vuio[textValueSettings.decalAreaThickness]	Decal contact area width	Largura de contato do adesivo
K45::WE.vuio[shaderProperties.shaderType.2]	Decal (image. text and white texture only)	Adesivo (Apenas texto/imagens/textura em branco)
K45::WE.vuio[shaderProperties.useOn.dynamicObjectsDecalFilter]	Cover dynamic objects meshes	Aderir a objetos dinâmicos
K45::WE.vuio[shaderProperties.useOn.supportBuildingDecals]	Cover buildings meshes	Aderir a prédios
K45::WE.vuio[shaderProperties.useOn.supportCreatureDecals]	Cover creature meshes	Aderir a criaturas
K45::WE.vuio[shaderProperties.useOn.supportOtherDecals]	Cover other meshes	Aderir a outras superfícies
K45::WE.vuio[shaderProperties.useOn.supportRoadDecals]	Cover roads meshes	Aderir a estradas
K45::WE.vuio[shaderProperties.useOn.supportTerrainDecals]	Cover terrain meshes	Aderir ao terreno
K45::WE.vuio[appearenceSettings.affectSmoothness]	Affects smoothness	Afeta suavização
K45::WE.vuio[appearenceSettings.useGlobalLight]	Use global light	Usar luz global
K45::WE.vuio[appearenceSettings.affectAO]	Affect ambient occlusion	Afeta oclusão de ambiente
K45::WE.vuio[appearenceSettings.affectEmission]	Affect emission	Afeta emissão
K45::WE.vuio[appearenceSettings.drawOrder]	Draw order	Ordem de renderização
K45::WE.vuio[toolOption.pivot]	Position pivot	Pivô da posição
K45::WE.vuio[toolOption.pivot_Left.tooltip]	Left	Esquerda
K45::WE.vuio[toolOption.pivot_Center.tooltip]	Center	Centro
K45::WE.vuio[toolOption.pivot_Right.tooltip]	Right	Direita
K45::WE.vuio[toolOption.pivot_Top.tooltip]	Top	Topo
K45::WE.vuio[toolOption.pivot_Middle.tooltip]	Middle	Meio
K45::WE.vuio[toolOption.pivot_Bottom.tooltip]	Bottom	Baixo
K45::WE.vuio[formulaeError]	Error on formulae	Erro na fórmula
K45::WE.vuio[formulaeError.1]	Component type not found for {0}              	
K45::WE.vuio[formulaeError.3]	Member {0} not found at component type {1}	
K45::WE.vuio[formulaeError.4]	Components only can be got from an Entity	
K45::WE.vuio[formulaeError.5]	Multiple components found for name {0}	
K45::WE.vuio[formulaeError.6]	"Each component getter block must be a pair of component name and field navigation, separated by a semicolon"	
K45::WE.vuio[formulaeError.8]	Class or method not found.	
K45::WE.vuio[formulaeError.9]	Class or method matches more than one result. Please be more specific.\n({0}::{1} `{2}`)	
K45::WE.vuio[formulaeError.10]	Member type {1} isn't a list nor array type (indexing {0})	
K45::WE.vuio[formulaeError.11]	Invalid arithmetic operation: {0} {1} {2} (comma is decimal separator)	
K45::WE.vuio[layoutVariables.title]	Layout variables	Variáveis do layout
K45::WE.vuio[layoutVariables.key]	Key	Chave
K45::WE.vuio[layoutVariables.value]	Value	Valor
K45::WE.vuio[layoutVariables.addVariable]	Add Variable	Adicionar variável
K45::WE.vuio[layoutVariables.removeVariable]	Remove Variable	Remover variável
K45::WE.vuio[layoutVariables.noVariablesLbl]	No variables registered	Sem variáveis registradas
K45::WE.vuio[toolOption.VariablesBtn.tooltip]	Variables Settings	Configurações de variáveis
K45::WE.vuio[toolOption.InstancingBtn.tooltip]	Instancing Settings	Configurações de instanciação
K45::WE.vuio[instancingSettings.title]	Instancing Settings	Configurações de instanciação
K45::WE.vuio[instancingSettings.showWhenLabel]	Show when	Mostrar quando
K45::WE.vuio[instancingSettings.showWhenTooltip]	This layout component and all its children will be rendered only if the formulae value is greater than 0.	Este componente do layout e todos seus descendentes só serão renderizados se o valor da fórmula resultar em um número maior que 0.
K45::WE.vuio[instancingSettings.showWhenAlways]	Always	Sempre
K45::WE.vuio[formulaeTitleName.transform.MustDrawFn]	Must render if greater than 0	Deve renderizar se maior que 0
K45::WE.vuio[formulaeError.255]	Return type is not compatible	Tipo retornado não é compatível
K45::WE.vuio[instancingSettings.arraysOnlyForTemplates]	Arrays are available only for templates placeholders	Matrizes estão disponíveis apenas para placeholders
K45::WE.vuio[instancingSettings.arrayTitle]	Arrays	Matrizes
K45::WE.vuio[instancingSettings.arrayInstances]	Instances by axis	Instâncias por eixo
K45::WE.vuio[instancingSettings.arrayDistanceCm]	Gap between instances (cm)	Distância entre instâncias (cm)
K45::WE.vuio[instancingSettings.arrayGrowthOrder]	Axis creation order	Ordem de criação por eixo
K45::WE.vuio[instancingSettings.arrayGrowthOrder.XYZ]	XYZ	XYZ
K45::WE.vuio[instancingSettings.arrayGrowthOrder.XZY]	XZY	XZY
K45::WE.vuio[instancingSettings.arrayGrowthOrder.YXZ]	YXZ	YXZ
K45::WE.vuio[instancingSettings.arrayGrowthOrder.YZX]	YZX	YZX
K45::WE.vuio[instancingSettings.arrayGrowthOrder.ZXY]	ZXY	ZXY
K45::WE.vuio[instancingSettings.arrayGrowthOrder.ZYX]	ZYX	ZYX
K45::WE.vuio[instancingSettings.arrayInfo]	"Inside a template, you can get the current index value by checking the variable ""$idx"" (no quotes)"	"Em um template, você pode obter o valor de índice atual checando o valor da variável ""$idx"" (sem aspas)"
K45::WE.vuio[cityFontsTab.cleanCache]	Clean cached texts	Limpar textos em cache
K45::WE.vuio[formulaeEditor.addDialog.mathOperation]	Math Operation	Operação matemática
K45::WE.vuio[formulaeEditor.descType.mathOperation]	Math Operation	Operação matemática
K45::WE.vuio[formulaeEditor.addDialog.mathOperationValue]	Value	Valor
K45::WE.vuio[formulaeEditor.addDialog.mathOperationType]	Operation	Operação
K45::WE.vuio[mathOperationType.ADD]	Add	Soma
K45::WE.vuio[mathOperationType.SUBTRACT]	Subtract	Subtração
K45::WE.vuio[mathOperationType.MULTIPLY]	Multiply	Multiplicação
K45::WE.vuio[mathOperationType.DIVIDE]	Divide	Divisão
K45::WE.vuio[formulaeEditor.mathOp.force.Float]	Force result to be floating point type	Forçar resultado como tipo de ponto flutuante
K45::WE.vuio[formulaeEditor.addDialog.mathOperationForceDecimals]	Force result to be floating point type	Forçar resultado como tipo de ponto flutuante
K45::WE.vuio[instancingSettings.totalInstancesCount]	Total instances count	Total de instâncias
K45::WE.vuio[instancingSettings.zPivot]	Z-axis pivot	Pivô no eixo Z
K45::WE.vuio[instancingSettings.axisAlignment]	Last line alignment	Alinhamento últ. Linha
K45::WE.vuio[instancingSettings.pivotZ.Front]	Front	Frente
K45::WE.vuio[instancingSettings.pivotZ.Middle]	Middle	Meio
K45::WE.vuio[instancingSettings.pivotZ.Back]	Back	Trás
K45::WE.vuio[instancingSettings.placingAlignment.Start]	Start	Início
K45::WE.vuio[instancingSettings.placingAlignment.Center]	Center	Centro
K45::WE.vuio[instancingSettings.placingAlignment.End]	End	Fim
K45::WE.vuio[instancingSettings.placingAlignment.Justified]	Justified	Justificado
Editor.TOOL[k45__we_MainWindow]	Write Everywhere	Write Everywhere
K45::WE.vuio[textValueSettings.scaleByAxis]	Scale by axis	Escala por eixo
K45::WE.vuio[textValueSettings.contentType.5]	Matrix Transformer	Transformador Matricial
K45::WE.vuio[formulaeEditor.finalPipelineAlwaysFloat3Info]	The final text will always have type Float3	O texto final sempre será do tipo Float3
K45::WE.vuio[formulaeEditor.implicitConversionWarningFloat3Fail]	Implicit conversion to Float3	Conversão implícita para Float3
K45::WE.vuio[textValueSettings.offsetPosition]	Offset position (m)	Desloc. Posição (m)
K45::WE.vuio[textValueSettings.offsetRotation]	Offset rotation (°)	Desloc. Rotação (°)
K45::WE.vuio[textValueSettings.resizeHeightOnTextOverflow]	Resize height on text overflow	Redimensionar altura se texto ultrapassar limite
K45::WE.vuio[mathOperationType.MODULUS]	Modulus (rest from dividing)	Módulo (resto da divisão)
K45::WE.vuio[mathOperationType.EQUALS]	Equals to	Igual a
K45::WE.vuio[mathOperationType.GREATER]	Greater than	Maior que
K45::WE.vuio[mathOperationType.LESSER]	Lesser than	Menor que
K45::WE.vuio[mathOperationType.AND]	Logical AND	E lógico
K45::WE.vuio[mathOperationType.OR]	Logical OR	OU lógico
K45::WE.vuio[mathOperationType.XOR]	Logical OR exclusive	OU lógico exclusivo
K45::WE.vuio[mathOperationType.NOT]	Logical NOT	NÃO lógico
K45::WE.vuio[textValueSettings.childrenRefersToFrontFace]	Children refers to front face	Filhos se baseiam na face frontal
K45::WE.vuio[textValueSettings.contentType.6]	White Cube	Cubo Branco
K45::WE.vuio[textValueSettings.dimensions]	Dimensions (WxHxD) (cm)	Dimensões (LxAxP) (cm)
K45::WE.vuio[textHierarchyWindow.buildingModuleSelect]	Select from prefab modules hierarchy	Selecionar na hierarquia de módulos do prefab
K45::WE.vuio[textValueSettings.flipZ]	Flip Z axis	Inverter eixo Z
::NTK45::WE.loadingLocalMeshes	[WE] Local meshes	[WE] Modelos 3D locais
::NDK45::WE.loadingLocalMeshes	Starting loading	Iniciando
::NDK45::WE.loadingLocalMeshes.deletingOld	Cleaning loaded meshes	Limpando modelos anteriores
::NDK45::WE.loadingLocalMeshes.loadingFolders	Loading file: {meshName} ({progress})	Carregando: {meshName} ({progress})
::NDK45::WE.loadingLocalMeshes.complete	Complete	Concluído
::LMeshesFolder	Go to meshes folder	Ir à pasta de modelos 3D
::DMeshesFolder	This folder stores the OBJ files that can be loaded by this mod as 3D models in game	Esta pasta contém os arquivos OBJ que podem ser carregados como modelos 3D dentro do jogo por esse mod
::LMeshesRefresh	Reload meshes	Recarregar modelos 3D
::DMeshesRefresh	Reload all 3D models from meshes folder	Recarrega todos os modelos 3D da pasta local
::GMeshes	Custom Meshes	Modelos 3D personalizados
K45::WE.vuio[textValueSettings.mesh]	Mesh	Modelo 3D
K45::WE.vuio[textValueSettings.defaultPlane]	<Default Plane>	<Plano padrão>
::NTK45::WE.errorLoadingAtlasesCache	[WE] Error loading some local images	[WE] Erro ao carregar algumas imagens locais
::NDK45::WE.errorLoadingAtlasesCache	Click to check details	Clique para detalhes
K45::WE.ATLAS_MANAGER[errorDialogHeader]	Some images failed while trying to load atlases.	Algumas imagens falharam ao tentar carregar os atlas.
::NTK45::WE.errorLoadingModuleAtlasesCache	Error loading atlas {atlasName} from mod '{mod}'	Erro ao carregar atlas {atlasName} do mod '{mod}'
::NDK45::WE.errorLoadingModuleAtlasesCache	Click to check details	Clique para detalhes
K45::WE.vuio[appearenceSettings.metallicOpacity]	Metallic opacity	Opacidade do metálico
K45::WE.vuio[prefabTemplatesReplacementsTab.weModuleOptionsTab]	Options	Opções
K45::WE.vuio[toolOption.editingPlane_BackXY.tooltip]	"Move in XY, rotate in Z (back)"	"Mover em XY, girar em Z (atrás)"
K45::WE.vuio[toolOption.editingPlane_BackZY.tooltip]	"Move in ZY, rotate in X (left)"	"Mover em ZY, girar em X esquerda)"
K45::WE.vuio[toolOption.editingPlane_BackXZ.tooltip]	"Move in XZ, rotate in Y (bottom)"	"Mover em XZ, girar em Y (fundo)"
K45::WE.vuio[toolOption.planeTilt.up]	Increase fixed camera tilt (positive shows default rendered face)	Aumentar inclinação da câmera fixa (positivo mostra a face renderizada por padrão)
K45::WE.vuio[toolOption.planeTilt.down]	Decrease fixed camera tilt (positive shows default rendered face)	Diminuir inclinação da câmera fixa (positivo mostra a face renderizada por padrão)
K45::WE.vuio[shaderProperties.renderBackface]	Render backface	Renderizar face traseira
::BK45_WE_InstanceNavZNext	Navigate array: Z+ (next)	Navegar array: Z+ (próximo)
::BK45_WE_InstanceNavZPrev	Navigate array: Z- (previous)	Navegar array: Z- (anterior)
::BK45_WE_InstanceNavXNext	Navigate array: X+ (next)	Navegar array: X+ (próximo)
::BK45_WE_InstanceNavXPrev	Navigate array: X- (previous)	Navegar array: X- (anterior)
::BK45_WE_InstanceNavYNext	Navigate array: Y+ (next)	Navegar array: Y+ (próximo)
::BK45_WE_InstanceNavYPrev	Navigate array: Y- (previous)	Navegar array: Y- (anterior)
::LActionNextText	Array Z+ (next)	Array Z+ (próximo)
::DActionNextText	Move camera to the next instance along the Z axis of the array	Move a câmera para a próxima instância no eixo Z da matriz
::LActionPreviousText	Array Z- (previous)	Array Z- (anterior)
::DActionPreviousText	Move camera to the previous instance along the Z axis of the array	Move a câmera para a instância anterior no eixo Z da matriz
::LActionInstanceNavXNext	Array X+ (next)	Array X+ (próximo)
::DActionInstanceNavXNext	Move camera to the next instance along the X axis of the array	Move a câmera para a próxima instância no eixo X da matriz
::LActionInstanceNavXPrev	Array X- (previous)	Array X- (anterior)
::DActionInstanceNavXPrev	Move camera to the previous instance along the X axis of the array	Move a câmera para a instância anterior no eixo X da matriz
::LActionInstanceNavYNext	Array Y+ (next)	Array Y+ (próximo)
::DActionInstanceNavYNext	Move camera to the next instance along the Y axis of the array	Move a câmera para a próxima instância no eixo Y da matriz
::LActionInstanceNavYPrev	Array Y- (previous)	Array Y- (anterior)
::DActionInstanceNavYPrev	Move camera to the previous instance along the Y axis of the array	Move a câmera para a instância anterior no eixo Y da matriz
::BK45_WE_TreeNavNext	Tree: select next item	Árvore: selecionar próximo item
::BK45_WE_TreeNavPrev	Tree: select previous item	Árvore: selecionar item anterior
::BK45_WE_TreeToggleFold	Tree: fold/unfold item	Árvore: recolher/expandir item
::BK45_WE_TreeDelete	Tree: delete item (with confirmation)	Árvore: apagar item (com confirmação)
::BK45_WE_TreeFoldAll	Tree: fold all	Árvore: recolher todos
::BK45_WE_TreeUnfoldAll	Tree: unfold all	Árvore: expandir todos
::LActionTreeNavNext	Tree: next item	Árvore: próximo item
::DActionTreeNavNext	Move selection to the next visible item in the layout tree (Page Down)	Move a seleção para o próximo item visível na árvore de layout (Page Down)
::LActionTreeNavPrev	Tree: previous item	Árvore: item anterior
::DActionTreeNavPrev	Move selection to the previous visible item in the layout tree (Page Up)	Move a seleção para o item visível anterior na árvore de layout (Page Up)
::LActionTreeToggleFold	Tree: toggle fold	Árvore: alternar recolhimento
::DActionTreeToggleFold	Fold or unfold the currently selected item in the layout tree (Space)	Recolhe ou expande o item selecionado na árvore de layout (Space)
::LActionTreeDelete	Tree: delete item	Árvore: apagar item
::DActionTreeDelete	Show a confirmation dialog to delete the currently selected item in the layout tree (Delete)	Exibe diálogo de confirmação para apagar o item selecionado na árvore de layout (Delete)
::LActionTreeFoldAll	Tree: fold all	Árvore: recolher todos
::DActionTreeFoldAll	Collapse all items in the layout tree (Home)	Recolhe todos os itens na árvore de layout (Home)
::LActionTreeUnfoldAll	Tree: unfold all	Árvore: expandir todos
::DActionTreeUnfoldAll	Recursively expand all items in the layout tree (End)	Expande todos os itens recursivamente na árvore de layout (End)
K45::WE.vuio[instancingSettings.instanceNavTitle]	Array instance navigation	Navegação por instância
K45::WE.vuio[instancingSettings.instanceNav.x]	X axis	Eixo X
K45::WE.vuio[instancingSettings.instanceNav.y]	Y axis	Eixo Y
K45::WE.vuio[instancingSettings.instanceNav.z]	Z axis	Eixo Z
K45::WE.vuio[textHierarchyWindow.deleteConfirmMsg]	Are you sure you want to delete this item?	Tem certeza que deseja apagar este item?
K45::WE.vuio[textHierarchyWindow.deleteConfirmCancel]	Cancel	Cancelar
::GArrayItemView    Instance item (array)	Instância do array
::GTreeItemView     Tree item (layout hierarchy)	Item da árvore (hierarquia de layout)
